slug	title	section	chars
catalog/blocks/ripple-waves	Ripple Waves	catalog	1484
catalog/blocks/sdf-iris	SDF Iris	catalog	1432
catalog/blocks/spotify-card	Spotify Now Playing	catalog	1523
catalog/blocks/tiktok-follow	TikTok Follow	catalog	1612
catalog/blocks/transitions-dissolve	Dissolve Transitions	catalog	1561
catalog/blocks/transitions-radial	Radial Transitions	catalog	1545
concepts/data-attributes	Data Attributes	concepts	5923
packages/engine	@hyperframes/engine	packages	12163
packages/studio	@hyperframes/studio	packages	8843
